id,name,email,created_at,updated_at
1,Admin,admin@120,"2026-08-08 22:24:38","2026-08-08 22:24:38"
2,Mohamed,moha2156313med@example.com,"2026-08-08 19:39:29","2026-08-08 19:39:29"
3,Mohamed,moha215631df3med@example.com,"2026-08-08 19:44:48","2026-08-08 19:44:48"
4,Mohamed,mohamed@gmail.com,"2026-08-08 19:46:04","2026-08-08 19:46:04"
5,Mohamed,moha21563s1df3med@example.com,"2026-08-08 19:46:46","2026-08-08 19:46:46"
6,Mohamed,agmed564@example.com,"2026-08-08 19:47:18","2026-08-08 19:47:18"
7,Mohamed,ali@gmail.com,"2026-08-08 19:47:43","2026-08-08 19:47:43"
8,Mohamed,ahmed@example.com,"2026-08-08 19:49:58","2026-08-08 19:49:58"
9,Mohamed,ahmed1@example.com,"2026-08-08 19:52:59","2026-08-08 19:52:59"
